rank,imu_index,timestamp,pose_index,dt,NIS,residual_norm,r_theta_x,r_theta_y,r_theta_z,standardized_diag_x,standardized_diag_y,standardized_diag_z,R_x,R_y,R_z,P_pred_theta_x,P_pred_theta_y,P_pred_theta_z,S_xx,S_yy,S_zz,rho_xy,rho_xz,rho_yz,K_theta_x,K_theta_y,K_theta_z,K_bg_x,K_bg_y,K_bg_z,omega_hat_norm,bg_x,bg_y,bg_z,delta_bg_per_frame_x,delta_bg_per_frame_y,delta_bg_per_frame_z
1,16209,1786181315.1256256,16180,0.005747318267822266,750.2376891539968,0.010371172086740271,-8.250570664989407e-05,0.002392716227997299,-0.010091051100526105,-0.19536056032818824,6.066207706641701,-26.709573983893364,1.675134e-07,1.506696e-07,1.362073e-07,1.0845256430820817e-08,4.908275722012703e-09,6.5304638100669595e-09,1.7835865643082082e-07,1.555778757220127e-07,1.4273776381006695e-07,-0.0005453087191192216,1.1588136746275495e-05,2.176807013270621e-06,0.060805608279858515,0.031548386267325916,0.04575147891357555,-0.018394892482252536,-0.018906714775179002,-0.01903770554016307,0.11457963511700733,0.002243444504014074,-0.0026251836854790165,0.013071743572074638,4.550205102434469e-06,-4.5189834701026346e-05,0.00019209861012629663
2,16189,1786181315.0256262,16160,0.005871772766113281,662.3090199065764,0.009930112814867262,-0.0006114562909068101,0.003294286692773207,-0.009347777110421432,-1.3204853647680845,7.8567021598159235,-24.471670643801744,2.034469e-07,1.708896e-07,1.392915e-07,1.0972289831928207e-08,4.9198455740329534e-09,6.619978782247504e-09,2.1441918983192819e-07,1.7580944557403294e-07,1.459114787822475e-07,-0.0011945149028876564,1.3776559444991373e-06,-8.099069327906327e-07,0.05117079095529755,0.027982579212257667,0.04536982859156361,-0.015423411029824427,-0.01652987668994903,-0.018902505176263344,0.3834944576634023,0.0020842566251523223,-0.0018511920973738995,0.010553876585145828,1.538655021730579e-05,-5.3487891678902656e-05,0.00017669972722738313
3,16210,1786181315.1301372,16181,0.004511594772338867,683.5627690247434,0.009898609973037462,-9.631236455208013e-05,0.0022983905825484504,-0.009627595964559569,-0.2281609693716339,5.82766577325324,-25.4862644976142,1.675134e-07,1.506696e-07,1.362073e-07,1.0675802422444119e-08,4.876237804424933e-09,6.49249216394954e-09,1.781892024224441e-07,1.5554583780442491e-07,1.4269979216394954e-07,-0.0005050207503448105,1.27668672000642e-05,2.7806020022400965e-06,0.05991249484465618,0.031348954394416796,0.045497558491405535,-0.018127544031830766,-0.01879721886055855,-0.018931647026468355,0.10928886756896847,0.00224801827314598,-0.002668341562069901,0.013253995447448506,4.573769131906071e-06,-4.3157876590884346e-05,0.00018225187537386847
4,14489,1786181306.525636,14460,0.005800485610961914,846.3337556100663,0.009748263873170236,0.0010198922552507037,0.002926998136444289,-0.009242356314159678,2.3496268902242226,6.302428088070337,-28.30330964476472,1.779392e-07,2.105979e-07,1.012843e-07,1.0473763344175621e-08,5.09164478893935e-09,5.348538439862214e-09,1.8841296334417562e-07,2.1568954478893936e-07,1.0663283843986222e-07,-0.00043689297661898667,1.737866921689664e-05,-5.322859497073266e-07,0.055589218174273224,0.023606172454405494,0.05015845482028552,-0.016834620523380115,-0.014060719744040044,-0.021055005842893614,0.10089029570189503,0.0009391154275910177,-0.0028539291790875662,0.01294056323063987,-1.4026672962610433e-05,-4.2015645960200975e-05,0.00019462186356196745
5,16190,1786181315.0300841,16161,0.004457950592041016,615.0597443518612,0.009569570038717888,-0.0005950771461125422,0.003198991486199798,-0.008999389278574566,-1.285345877627877,7.6297791897208365,-23.563036534429372,2.034469e-07,1.708896e-07,1.392915e-07,1.0894728022022652e-08,4.90366393216378e-09,6.57768718506252e-09,2.1434162802202265e-07,1.7579326393216377e-07,1.458691871850625e-07,-0.0011410524075749899,3.617712725565083e-06,-1.9684658586190276e-07,0.050827565469040985,0.027893227099979885,0.04509305433291603,-0.015322426586463052,-0.016490062980715155,-0.018785427810889686,0.35202669396103276,0.0020990350614880737,-0.0019030411197705935,0.0107229327956,1.4778436335751398e-05,-5.1849022396693954e-05,0.0001690562104541722
6,14469,1786181306.4256377,14440,0.00576019287109375,812.4183079079361,0.009541641171394227,-0.0006429329427455094,0.004308843384850744,-0.00848901773820776,-1.4265443185321107,9.879254400811629,-26.698630997657656,1.931914e-07,1.85185e-07,9.60768e-08,9.932403778709488e-09,5.042403306847951e-09,5.019880575087258e-09,2.0312380377870948e-07,1.9022740330684796e-07,1.0109668057508725e-07,-0.0011494465386895233,1.0050044207152469e-05,-4.908981218429281e-07,0.048897019080645455,0.026505953124234663,0.049654257061711324,-0.014741955019830907,-0.015538192551635554,-0.02086331636358933,0.43180774177653136,0.0007656523766719695,-0.001889967204017365,0.010380398786530375,1.7638276759720226e-05,-6.576585443058636e-05,0.00017711563959887933
7,16211,1786181315.1356623,16182,0.005525112152099609,623.7367773578492,0.00945647991526332,-0.00012845406906026842,0.002201696130413623,-0.009195708025445464,-0.3043376862671891,5.58253824204348,-24.340921622988667,1.675134e-07,1.506696e-07,1.362073e-07,1.0635958547661662e-08,4.8737128804796755e-09,6.516470688527201e-09,1.7814935854766166e-07,1.5554331288047966e-07,1.427237706885272e-07,-0.00047397095249788004,1.4006433726160714e-05,2.8199384105850263e-06,0.059702268758439696,0.03133325979316815,0.04565792109668258,-0.018067428956112203,-0.018799397662098438,-0.018997745263761898,0.11610367045685423,0.0022529788780044514,-0.0027096627065444348,0.013428678233063776,4.960604858471503e-06,-4.132114447453388e-05,0.00017468278561526968
8,14490,1786181306.5297077,14461,0.004071712493896484,769.6350907238993,0.00930193441335925,0.000997431096595135,0.00283175563073806,-0.008804105581248183,2.298739592757263,6.097471361307045,-26.965873434957484,1.779392e-07,2.105979e-07,1.012843e-07,1.033302530663573e-08,5.0831589275615274e-09,5.3118454007193884e-09,1.8827222530663572e-07,2.1568105892756152e-07,1.0659614540071938e-07,-0.0004073810533947246,1.7301154412549972e-05,-5.312086806904776e-07,0.05488327184677046,0.023567781065653253,0.04983149578632221,-0.01662327510460976,-0.014045086658876653,-0.020916920729877594,0.09258291949210716,0.0009254952542684862,-0.0028944955932937596,0.013124742270328924,-1.362017332253156e-05,-4.056641420619334e-05,0.00018417903968905372
9,19369,1786181330.9256518,19340,0.0058019161224365234,1549.0116660738613,0.009230055556942614,0.0010296053106802015,-0.003623659437295466,0.008426323680643052,4.077455776313475,-11.577983257814603,37.39408194127184,5.791453e-08,9.448351e-08,4.668211e-08,5.847631229037126e-09,3.4720100656896073e-09,4.095297609492412e-09,6.376216122903713e-08,9.79555200656896e-08,5.0777407609492417e-08,0.00020905729064707134,6.996165388154136e-06,1.5581812232029588e-06,0.09171001393829634,0.035444719539388436,0.0806519631445065,-0.028189164304677564,-0.02206770048360621,-0.03414416268908631,0.08732145482343034,-0.00030347873705747585,0.006059036885227673,0.020324216053572854,-2.5969338223008176e-05,8.062761216294945e-05,-0.000287697730195758
10,16191,1786181315.035763,16162,0.005678892135620117,567.7663467374834,0.009193529529518471,-0.000502163247802386,0.003066708474588814,-0.008652405238693449,-1.0844961553790344,7.313900967571223,-22.652038021391327,2.034469e-07,1.708896e-07,1.392915e-07,1.0957560144436589e-08,4.921720358813672e-09,6.6097925468029934e-09,2.1440446014443658e-07,1.7581132035881367e-07,1.4590129254680297e-07,-0.0011004592011510264,6.572198288068633e-06,-1.4276320959675428e-07,0.051105810726357184,0.027993154248677564,0.04530318015286659,-0.015409683091460586,-0.01656446667429597,-0.018870589722664685,0.33030777641287684,0.0021121094616377957,-0.0019530985646276698,0.01088620550056541,1.3074400149722023e-05,-5.005744485707636e-05,0.00016327270496540973
11,14470,1786181306.429975,14441,0.004337310791015625,749.1239601770138,0.009165044109643099,-0.0005520120834128151,0.004160757614331809,-0.008147478890199704,-1.22486104593432,9.540099839666286,-25.624927597253734,1.931914e-07,1.85185e-07,9.60768e-08,9.914959900436358e-09,5.027473792526124e-09,5.016225405820857e-09,2.0310635990043636e-07,1.9021247379252612e-07,1.0109302540582086e-07,-0.0011003282149975886,1.3346684573981636e-05,-6.338155688510909e-07,0.04881543822404117,0.026429652505755807,0.04961989581905078,-0.014721043835472682,-0.015506543873514078,-0.020849188765955182,0.4029339528648761,0.0007815061576482553,-0.0019534812633412533,0.010550273481017986,1.5853780976285837e-05,-6.351405932388822e-05,0.00016987469448761193
12,16212,1786181315.139891,16183,0.0042285919189453125,569.4089021125911,0.009033455279879128,-0.00011260036457101071,0.0020964281419488485,-0.008786104056811498,-0.266908605099207,5.31626979886627,-23.26103725518955,1.675134e-07,1.506696e-07,1.362073e-07,1.0459731502847139e-08,4.835965034793099e-09,6.4633142950428925e-09,1.7797313150284714e-07,1.555055650347931e-07,1.4267061429504288e-07,-0.0004419003592527729,1.4530682936978599e-05,2.0638001734902713e-06,0.05877122387974337,0.031098151445022065,0.04530235113682265,-0.01778853522946193,-0.018667415649834186,-0.018849611680848248,0.12041062851723001,0.002257423897098786,-0.0027487335533225516,0.013594280901067898,4.445019094334677e-06,-3.90708467781168e-05,0.00016560266800412157
13,14491,1786181306.5356448,14462,0.005937099456787109,701.3921995464541,0.008886467053565139,0.0009167397528969581,0.002737748897873171,-0.008404380755995729,2.112343984908358,5.894460368619965,-25.732747290306317,1.779392e-07,2.105979e-07,1.012843e-07,1.0409593984900594e-08,5.126426345431541e-09,5.384922429410745e-09,1.883487939849006e-07,2.1572432634543155e-07,1.0666922242941075e-07,-0.00038417353372739705,1.681636233917313e-05,-4.831410948381184e-07,0.055267503722323814,0.023763640152353056,0.050482437933857226,-0.01674296371465139,-0.01417133548409988,-0.021188275511839456,0.08558233181592118,0.0009129379572529292,-0.0029339917006320384,0.013302838457695575,-1.255729701555696e-05,-3.9496107338278866e-05,0.00017809618736665082
14,16192,1786181315.039813,16163,0.004050016403198242,524.7714903348141,0.008837265204884072,-0.0005073527681163267,0.0029493599579399135,-0.008315114269127039,-1.096011336565268,7.034581850312833,-21.77386526469137,2.034469e-07,1.708896e-07,1.392915e-07,1.083721408178652e-08,4.894255249860967e-09,6.54471399727025e-09,2.1428411408178652e-07,1.7578385524986097e-07,1.4583621399727024e-07,-0.001047115737837322,7.853848320019446e-06,5.300389676670929e-07,0.050573002323554585,0.027841395732923036,0.04487715231527122,-0.015251295620111002,-0.0164863813448112,-0.018691834309280033,0.3209919207020257,0.0021248578056108193,-0.002001008668632297,0.011041623071047309,1.2748343973023601e-05,-4.791010400462714e-05,0.00015541757048189928
15,14471,1786181306.4356556,14442,0.005680561065673828,694.3437781613258,0.008830293248913932,-0.0005057464558210147,0.004028737791528491,-0.00784140109874183,-1.121844280895365,9.236843235615089,-24.653380650588844,1.931914e-07,1.85185e-07,9.60768e-08,1.0044553537137658e-08,5.050191064357398e-09,5.089152714028785e-09,2.0323595353713765e-07,1.902351910643574e-07,1.0116595271402878e-07,-0.001064146638694172,1.5779307487844627e-05,-8.4735587339118e-07,0.04942203651706575,0.026545989365845336,0.05030499445229816,-0.014908891271980194,-0.015590695966906239,-0.021136717553768006,0.3787480095888059,0.0007964089902544627,-0.0020154145983009002,0.010716015587381904,1.490283260620741e-05,-6.193333495964695e-05,0.00016574210636391765
16,14709,1786181307.6256502,14680,0.005757808685302734,502.86071030646883,0.008681669151305017,-0.0005398497941435623,0.004292748097178493,-0.007526769242288137,-1.267520522483279,9.37370402316772,-20.3327888660267,1.710334e-07,2.042821e-07,1.303025e-07,1.0366014398032132e-08,5.441998310509418e-09,6.729911666975288e-09,1.8139941439803213e-07,2.097240983105094e-07,1.370324116669753e-07,-0.0014525922869358906,-2.7743656912859306e-06,-8.941993770769756e-07,0.05714270658321589,0.02594631381450894,0.049111823867061866,-0.017184711511378015,-0.015054913008296937,-0.02043538777616405,0.5673818719791258,0.001437394904277376,-0.006469679097019906,0.013035038420142824,1.7959126649904006e-05,-6.34579396767785e-05,0.0001538139024733244
17,16213,1786181315.1456234,16184,0.005732536315917969,518.4786096395717,0.008620704154218745,-0.00012056860655757317,0.0019774450504464586,-0.008389977020120013,-0.2857909916197047,5.014457038196131,-22.209305612173022,1.675134e-07,1.506696e-07,1.362073e-07,1.0466686174849343e-08,4.8413658036845736e-09,6.501772011205713e-09,1.7798008617484934e-07,1.5551096580368455e-07,1.4270907201120572e-07,-0.00041918874780158387,1.4179546383585687e-05,1.2283866092181844e-06,0.05880802133985548,0.03113181956582727,0.04555962625208499,-0.017803465874239977,-0.018699182387657262,-0.018956153592239063,0.12185375023903704,0.0022618119789959337,-0.0027856293199602544,0.013753313564589087,4.388081897147619e-06,-3.689576663770287e-05,0.0001590326635211893
18,19370,1786181330.9299188,19341,0.004266977310180664,1335.3362160320562,0.008585314824547345,0.0008839360708937477,-0.0034871102003539395,0.007795277423527198,3.5029151494777078,-11.142459271920115,34.62508976378861,5.791453e-08,9.448351e-08,4.668211e-08,5.762452924842833e-09,3.4585499185034655e-09,4.003109965584037e-09,6.367698292484283e-08,9.794205991850346e-08,5.068521996558404e-08,0.0001852094812214824,5.268797357727767e-06,1.7857327472631293e-06,0.0904950371694027,0.03531217007335461,0.07897982817984413,-0.02781847669322392,-0.0219890611778685,-0.03343645703402451,0.07284200903491743,-0.00032522811422878544,0.006136264126049859,0.020063582612553397,-2.174937717130959e-05,7.7227240822186e-05,-0.00026063344101945676
19,20849,1786181338.3256645,20820,0.005781412124633789,830.3765013892641,0.008578316905471997,0.00018843587593808263,0.0026115352403813206,-0.008168959330270446,0.5919995269613599,8.041419219604776,-27.665069810361622,9.360314e-08,1.017762e-07,8.218606e-08,7.714359332903927e-09,3.6931754068254614e-09,5.004592324734216e-09,1.0131749933290392e-07,1.0546937540682545e-07,8.719065232473422e-08,-0.0007593566864394179,9.705272968490401e-06,-4.6326854221079285e-06,0.0761399106883934,0.035016010134829335,0.057398266692574876,-0.0232541514993722,-0.021593765577239046,-0.02414322322787859,0.2604529449351875,0.001302651465590683,-0.004570040658042652,0.014494635338963908,-8.393368356441038e-07,-5.647680083491983e-05,0.0001972676759804514
20,16193,1786181315.0456247,16164,0.0058116912841796875,488.5492529632409,0.008527087089905603,-0.00048474767200859395,0.0028317810881430335,-0.008028527249885406,-1.0469759675765267,6.7537168115218345,-21.020344787716468,2.034469e-07,1.708896e-07,1.392915e-07,1.0920153343817769e-08,4.91638723190917e-09,6.587272720075764e-09,2.1436705334381775e-07,1.7580598723190916e-07,1.4587877272007576e-07,-0.0010113771902830746,8.088426812592564e-06,4.131169198828212e-07,0.05094040832028793,0.027963850997906818,0.04515580017648233,-0.015365630643257352,-0.01657402921772168,-0.018805807727561765,0.30497121783676173,0.0021370213039121327,-0.002047276829941579,0.011192599109738188,1.2163498301313337e-05,-4.626816130928182e-05,0.0001509760386908792
21,14472,1786181306.4397225,14443,0.004066944122314453,637.8670308299583,0.008467331030384785,-0.000461369077107414,0.003886335799626828,-0.007508610217966106,-1.0235502069128435,8.910886279143178,-23.610064561341108,1.931914e-07,1.85185e-07,9.60768e-08,9.987528190867334e-09,5.027408150102299e-09,5.063624223127459e-09,2.0317892819086733e-07,1.902124081501023e-07,1.0114042422312745e-07,-0.0010148391566423773,1.7422443571779845e-05,-9.585417486133857e-07,0.04915533935246145,0.026429492570319225,0.050065285297876246,-0.014831688318708333,-0.015534503771015812,-0.021035954644383785,0.35641314732754,0.0008101995603709907,-0.002075025015475864,0.010873963010255559,1.379057011652795e-05,-5.9610417174963716e-05,0.0001579474228736548
22,14492,1786181306.5399587,14463,0.004313945770263672,635.1575534382507,0.00846287938016565,0.0008985418103736194,0.002644581975581822,-0.007988688014478423,2.0710043522628347,5.693911836132913,-24.462989646611785,1.779392e-07,2.105979e-07,1.012843e-07,1.0301945642843083e-08,5.123182367494589e-09,5.358578395713544e-09,1.8824114564284308e-07,2.157210823674946e-07,1.0664287839571355e-07,-0.00035860845154046046,1.6443862709155394e-05,-4.675210056058843e-07,0.05472726314196743,0.023748978209854034,0.050247878235439754,-0.016581786398313304,-0.01416946482233615,-0.02108873326464109,0.07975275426411449,0.0009006629940567953,-0.0029721138098893745,0.013471331373648766,-1.2274963196133907e-05,-3.812210925733606e-05,0.00016849291595319102
23,14729,1786181307.725655,14700,0.005746603012084961,496.51722398898124,0.008392410415439434,-0.00046784478970741006,0.0032345651688121453,-0.007729894048602942,-1.0769991946750652,6.550081374901041,-21.27116879037687,1.787237e-07,2.38437e-07,1.256921e-07,9.976707170754877e-09,5.42179315826181e-09,6.3657963561221e-09,1.887004071707549e-07,2.438587931582618e-07,1.320578963561221e-07,-0.0006061044201545865,1.006176125244167e-05,3.7154730725938985e-07,0.052870270106046155,0.02223297136490108,0.048204586920062006,-0.015998250569799415,-0.013124153567600782,-0.020055428859616153,0.3728090903076747,0.0016492207402663244,-0.007348781857244463,0.015120782454924436,1.14129851748379e-05,-4.1960988550096556e-05,0.00015500245212414845
24,14710,1786181307.6297128,14681,0.004062652587890625,465.637416415323,0.008352829593743576,-0.00047246683540456123,0.004140443772824044,-0.0072390097855745345,-1.109781159562041,9.041737118711067,-19.562228632406644,1.710334e-07,2.042821e-07,1.303025e-07,1.0212404528925284e-08,5.413844038522763e-09,6.634770364336615e-09,1.8124580452892526e-07,2.0969594403852275e-07,1.3693727036433661e-07,-0.001380878374395779,5.79333024807596e-07,-1.181470396728446e-06,0.05634380571738474,0.025815733022800217,0.048451165606402904,-0.01694850601930999,-0.01499196089174759,-0.020159334671284893,0.5345735853794648,0.0014536129193477383,-0.00653075934191402,0.013180972489219896,1.621801507036241e-05,-6.108024489411435e-05,0.00014593406907707253
25,16214,1786181315.1496475,16185,0.004024028778076172,471.4702858686658,0.00821927744578107,-0.00011617177881203282,0.0019091549911706917,-0.007993632032325549,-0.27550776199709465,4.841930640070902,-21.16485809877837,1.675134e-07,1.506696e-07,1.362073e-07,1.0287354972898625e-08,4.799915993713568e-09,6.438038268772148e-09,1.7780075497289863e-07,1.5546951599371355e-07,1.4264533826877216e-07,-0.0003929615272105508,1.2718895713828745e-05,3.0588153298258456e-07,0.057858748013480836,0.030873529751494273,0.04513318363474412,-0.017518908587884883,-0.018552416862949596,-0.018778697177649347,0.1282091181213056,0.002265937136854122,-0.0028209609895507074,0.013903417719760329,4.125157858188549e-06,-3.5331669590452953e-05,0.00015010415517124204
26,16194,1786181315.0498686,16165,0.0042438507080078125,451.0041452164282,0.00819188118190564,-0.0004768727652917503,0.002723241722758174,-0.007711255681379772,-1.030196967709612,6.495258209246655,-20.193256573443925,2.034469e-07,1.708896e-07,1.392915e-07,1.0824647306712745e-08,4.894481312362753e-09,6.535344932130248e-09,2.1427154730671275e-07,1.7578408131236276e-07,1.4582684493213023e-07,-0.0009629523935320106,7.721369913869561e-06,5.8553409273385644e-08,0.05051748017304059,0.027842810416200542,0.044815787702646805,-0.015240534778822477,-0.016514041609171935,-0.018663019968641344,0.2857208886464074,0.0021487054474091704,-0.002091608091995854,0.011336509093750476,1.168414349703769e-05,-4.43312620542753e-05,0.00014390998401228768
27,14473,1786181306.4456184,14444,0.005895853042602539,592.7147760792594,0.008164829603679211,-0.0004914037604470818,0.0037401897765036943,-0.007241128726729842,-1.0897898119030014,8.57514717037308,-22.759911153092776,1.931914e-07,1.85185e-07,9.60768e-08,1.0133919841834424e-08,5.055996825641101e-09,5.1443836166211665e-09,2.033253198418344e-07,1.902409968256411e-07,1.0122118361662116e-07,-0.000981807897281364,1.7837392505998155e-05,-1.061756195056566e-06,0.049839998096917464,0.026575861150593412,0.05082319137298309,-0.015043117193723688,-0.01563659981119688,-0.021353516506327948,0.33735157888837725,0.0008241606561806083,-0.0021327560111633398,0.011028576023351494,1.396109580961767e-05,-5.7730995687475806e-05,0.00015461301309593542
28,20850,1786181338.3299592,20821,0.004294633865356445,741.4257179721716,0.008105585301211372,0.0001803482386271319,0.002498741304491377,-0.0077087145154861375,0.5669515332486265,7.694760684068823,-26.113027347907558,9.360314e-08,1.017762e-07,8.218606e-08,7.585542659000373e-09,3.6752017119699044e-09,4.960345270163095e-09,1.0118868265900037e-07,1.054514017119699e-07,8.71464052701631e-08,-0.0007050847210874002,1.0026110895667454e-05,-4.321256134726424e-06,0.07496387852832798,0.03485160986872791,0.05691967723733702,-0.022897206745055312,-0.021499671671852634,-0.023941334122313872,0.23657563625872916,0.0013018010780361578,-0.0046238402054906095,0.01467923187724539,-8.503875545250866e-07,-5.3799547447957834e-05,0.0001845965382814823
29,14493,1786181306.545641,14464,0.005682229995727539,578.4963994891069,0.008084811467652048,0.0008526599424611266,0.0025652169030262956,-0.007619501934538007,1.9649814536329313,5.522591266644177,-23.32654186043901,1.779392e-07,2.105979e-07,1.012843e-07,1.0354075213670735e-08,5.157851815031388e-09,5.412758767093537e-09,1.8829327521367073e-07,2.157557518150314e-07,1.0669705876709354e-07,-0.0003385990052930009,1.5580916847923666e-05,-4.062171132071907e-07,0.054988978008481244,0.023905864046292722,0.05073015887255484,-0.016664103335646187,-0.014271321023299517,-0.021289264200594293,0.08209169695474314,0.0008889347133032988,-0.0030093205699173882,0.01363356413452066,-1.1728280753496535e-05,-3.7206760028013746e-05,0.00016223276087189327
30,14711,1786181307.6356132,14682,0.005900382995605469,431.1833296471377,0.008037940407351759,-0.0004372174625065174,0.003983171965759947,-0.006967902695488906,-1.0268080318171886,8.697783492703762,-18.82821626205511,1.710334e-07,2.042821e-07,1.303025e-07,1.0274398481007691e-08,5.438420774220818e-09,6.654993270997109e-09,1.8130779848100768e-07,2.097205207742208e-07,1.3695749327099712e-07,-0.0013323523238141389,3.903647798854681e-06,-1.096028118856681e-06,0.05666659102270194,0.02593002401143783,0.048591669648102055,-0.017052395695494587,-0.015074918635659006,-0.020216028198102635,0.5013698618357254,0.0014688611481709852,-0.006589913923760324,0.01332183259550131,1.524822882324685e-05,-5.915458184630341e-05,0.00014086010628141382
